﻿Data Warehouse Epics,Tasks,Checkbox
Design Data Architecture (https://www.notion.so/Design-Data-Architecture-19c9e8ecbb75809b9671dea93d58658b?pvs=21),Choose Data Management Approach,Yes
Design Data Architecture (https://www.notion.so/Design-Data-Architecture-19c9e8ecbb75809b9671dea93d58658b?pvs=21),Brainstorm & Design The Layers,No
Project Initialization (https://www.notion.so/Project-Initialization-19c9e8ecbb75802fb71cc033f96a3ad9?pvs=21),Create GIT Repo & Prepare the Structure,Yes
Project Initialization (https://www.notion.so/Project-Initialization-19c9e8ecbb75802fb71cc033f96a3ad9?pvs=21),Create DB & Schemas,Yes
Project Initialization (https://www.notion.so/Project-Initialization-19c9e8ecbb75802fb71cc033f96a3ad9?pvs=21),Define Project Naming Conventions,Yes
Project Initialization (https://www.notion.so/Project-Initialization-19c9e8ecbb75802fb71cc033f96a3ad9?pvs=21),Create Detailed Project Tasks (Notion),Yes
Build Bronze Layer (https://www.notion.so/Build-Bronze-Layer-1a79e8ecbb758044b2ebf27b9502efb2?pvs=21),Analysing: Source Systems,Yes
Build Bronze Layer (https://www.notion.so/Build-Bronze-Layer-1a79e8ecbb758044b2ebf27b9502efb2?pvs=21),Coding: Data Ingestion,Yes
Build Bronze Layer (https://www.notion.so/Build-Bronze-Layer-1a79e8ecbb758044b2ebf27b9502efb2?pvs=21),Validating: Data Completion & Schema Checks,Yes
Build Bronze Layer (https://www.notion.so/Build-Bronze-Layer-1a79e8ecbb758044b2ebf27b9502efb2?pvs=21),Document: Draw Data Flow (Draw.io),Yes
Build Bronze Layer (https://www.notion.so/Build-Bronze-Layer-1a79e8ecbb758044b2ebf27b9502efb2?pvs=21),Commit Code in Git Repo,Yes
Build Silver Layer (https://www.notion.so/Build-Silver-Layer-1a79e8ecbb7580738afbe2142fb8afca?pvs=21),Analysing: Explore & Understand Data (Draw.io),Yes
Build Silver Layer (https://www.notion.so/Build-Silver-Layer-1a79e8ecbb7580738afbe2142fb8afca?pvs=21),Document: Draw Data Ingestion (Draw.io),Yes
Build Silver Layer (https://www.notion.so/Build-Silver-Layer-1a79e8ecbb7580738afbe2142fb8afca?pvs=21),Coding: Data Cleansing,Yes
Build Silver Layer (https://www.notion.so/Build-Silver-Layer-1a79e8ecbb7580738afbe2142fb8afca?pvs=21),Validating: Check Data Correctness,Yes
Build Silver Layer (https://www.notion.so/Build-Silver-Layer-1a79e8ecbb7580738afbe2142fb8afca?pvs=21),Document: Extend Data Flow (Draw.io),No
Build Silver Layer (https://www.notion.so/Build-Silver-Layer-1a79e8ecbb7580738afbe2142fb8afca?pvs=21),Commit Code in Git Repo,No