﻿Epics,Name,Progress,Data warehouse Tasks
1,Requirement Analysis,,
2,Design Data Architecture,0.5,"Choose Data Management Approach (https://www.notion.so/Choose-Data-Management-Approach-19c9e8ecbb7580f7b05bda89d5568de8?pvs=21), Brainstorm & Design The Layers (https://www.notion.so/Brainstorm-Design-The-Layers-19c9e8ecbb758034b07af4d559c090ff?pvs=21)"
3,Project Initialization,0.5,"Create GIT Repo & Prepare the Structure (https://www.notion.so/Create-GIT-Repo-Prepare-the-Structure-19c9e8ecbb75805da042ea8524b7231f?pvs=21), Create DB & Schemas (https://www.notion.so/Create-DB-Schemas-19c9e8ecbb7580a78fc8d1cf3263d1d9?pvs=21)"
4,Build Bronze Layer,,
5,Build Silver Layer,,
6,Build Gold Layer,,