﻿Epics,Name,Progress,Data warehouse Tasks
1,Requirement Analysis,,
2,Design Data Architecture,0.5,"Choose Data Management Approach (https://www.notion.so/Choose-Data-Management-Approach-19c9e8ecbb7580f7b05bda89d5568de8?pvs=21), Brainstorm & Design The Layers (https://www.notion.so/Brainstorm-Design-The-Layers-19c9e8ecbb758034b07af4d559c090ff?pvs=21)"
3,Project Initialization,1,"Create GIT Repo & Prepare the Structure (https://www.notion.so/Create-GIT-Repo-Prepare-the-Structure-19c9e8ecbb75805da042ea8524b7231f?pvs=21), Create DB & Schemas (https://www.notion.so/Create-DB-Schemas-19c9e8ecbb7580a78fc8d1cf3263d1d9?pvs=21), Define Project Naming Conventions (https://www.notion.so/Define-Project-Naming-Conventions-1c09e8ecbb7580fbb58cf9d438e023cf?pvs=21), Create Detailed Project Tasks (Notion) (https://www.notion.so/Create-Detailed-Project-Tasks-Notion-1c09e8ecbb7580ca9ab5e0a71b1c8aec?pvs=21)"
4,Build Bronze Layer,0.6,"Analysing: Source Systems (https://www.notion.so/Analysing-Source-Systems-1c09e8ecbb75802d8725f21d4fada070?pvs=21), Coding: Data Ingestion (https://www.notion.so/Coding-Data-Ingestion-1c09e8ecbb7580f6b435e5a1ec71e8a5?pvs=21), Validating: Data Completion & Schema Checks (https://www.notion.so/Validating-Data-Completion-Schema-Checks-1c09e8ecbb758072b0aaefabc6d49954?pvs=21), Document: Draw Data Flow (Draw.io) (https://www.notion.so/Document-Draw-Data-Flow-Draw-io-1c09e8ecbb7580ff9a66c961f4142180?pvs=21), Commit Code in Git Repo (https://www.notion.so/Commit-Code-in-Git-Repo-1c09e8ecbb758090adc3e7f37cf14e1b?pvs=21)"
5,Build Silver Layer,,
6,Build Gold Layer,,